<?xml version="1.0" encoding="UTF-8" standalone="yes" ?><hs:sec xmlns:ha="http://www.hancom.co.kr/hwpml/2011/app" xmlns:hp="http://www.hancom.co.kr/hwpml/2011/paragraph" xmlns:hp10="http://www.hancom.co.kr/hwpml/2016/paragraph" xmlns:hs="http://www.hancom.co.kr/hwpml/2011/section" xmlns:hc="http://www.hancom.co.kr/hwpml/2011/core" xmlns:hh="http://www.hancom.co.kr/hwpml/2011/head" xmlns:hhs="http://www.hancom.co.kr/hwpml/2011/history" xmlns:hm="http://www.hancom.co.kr/hwpml/2011/master-page" xmlns:hpf="http://www.hancom.co.kr/schema/2011/hpf" xmlns:dc="http://purl.org/dc/elements/1.1/" xmlns:opf="http://www.idpf.org/2007/opf/" xmlns:ooxmlchart="http://www.hancom.co.kr/hwpml/2016/ooxmlchart" xmlns:hwpunitchar="http://www.hancom.co.kr/hwpml/2016/HwpUnitChar" xmlns:epub="http://www.idpf.org/2007/ops" xmlns:config="urn:oasis:names:tc:opendocument:xmlns:config:1.0"><hp:p id="3121190098" paraPrIDRef="0" styleIDRef="0" pageBreak="0" columnBreak="0" merged="0"><hp:run charPrIDRef="0"><hp:secPr id="" textDirection="HORIZONTAL" spaceColumns="1134" tabStop="8000" tabStopVal="4000" tabStopUnit="HWPUNIT" outlineShapeIDRef="1" memoShapeIDRef="0" textVerticalWidthHead="0" masterPageCnt="0"><hp:grid lineGrid="0" charGrid="0" wonggojiFormat="0"/><hp:startNum pageStartsOn="BOTH" page="0" pic="0" tbl="0" equation="0"/><hp:visibility hideFirstHeader="0" hideFirstFooter="0" hideFirstMasterPage="0" border="SHOW_ALL" fill="SHOW_ALL" hideFirstPageNum="0" hideFirstEmptyLine="0" showLineNumber="0"/><hp:lineNumberShape restartType="0" countBy="0" distance="0" startNumber="0"/><hp:pagePr landscape="WIDELY" width="59528" height="84186" gutterType="LEFT_ONLY"><hp:margin header="4252" footer="4252" gutter="0" left="8504" right="8504" top="5668" bottom="4252"/></hp:pagePr><hp:footNotePr><hp:autoNumFormat type="DIGIT" userChar="" prefixChar="" suffixChar=")" supscript="0"/><hp:noteLine length="-1" type="SOLID" width="0.12 mm" color="#000000"/><hp:noteSpacing betweenNotes="283" belowLine="567" aboveLine="850"/><hp:numbering type="CONTINUOUS" newNum="1"/><hp:placement place="EACH_COLUMN" beneathText="0"/></hp:footNotePr><hp:endNotePr><hp:autoNumFormat type="DIGIT" userChar="" prefixChar="" suffixChar=")" supscript="0"/><hp:noteLine length="14692344" type="SOLID" width="0.12 mm" color="#000000"/><hp:noteSpacing betweenNotes="0" belowLine="567" aboveLine="850"/><hp:numbering type="CONTINUOUS" newNum="1"/><hp:placement place="END_OF_DOCUMENT" beneathText="0"/></hp:endNotePr><hp:pageBorderFill type="BOTH" borderFillIDRef="1" textBorder="PAPER" headerInside="0" footerInside="0" fillArea="PAPER"><hp:offset left="1417" right="1417" top="1417" bottom="1417"/></hp:pageBorderFill><hp:pageBorderFill type="EVEN" borderFillIDRef="1" textBorder="PAPER" headerInside="0" footerInside="0" fillArea="PAPER"><hp:offset left="1417" right="1417" top="1417" bottom="1417"/></hp:pageBorderFill><hp:pageBorderFill type="ODD" borderFillIDRef="1" textBorder="PAPER" headerInside="0" footerInside="0" fillArea="PAPER"><hp:offset left="1417" right="1417" top="1417" bottom="1417"/></hp:pageBorderFill></hp:secPr><hp:ctrl><hp:colPr id="" type="NEWSPAPER" layout="LEFT" colCount="1" sameSz="1" sameGap="0"/></hp:ctrl></hp:run><hp:run charPrIDRef="0"><hp:t>&lt;!DOCTYPE html&gt;<hp:lineBreak/>&lt;html lang="ko"&gt;<hp:lineBreak/>&lt;head&gt;<hp:lineBreak/>&lt;meta charset="UTF-8"&gt;<hp:lineBreak/>&lt;title&gt;학교 안내도&lt;/title&gt;<hp:lineBreak/>&lt;style&gt;<hp:lineBreak/>    body {<hp:lineBreak/>        font-family: sans-serif;<hp:lineBreak/>        margin: 20px;<hp:lineBreak/>    }<hp:lineBreak/><hp:lineBreak/>    /* 탭 버튼 스타일 */<hp:lineBreak/>    .tab-buttons {<hp:lineBreak/>        display: flex;<hp:lineBreak/>        gap: 10px;<hp:lineBreak/>        margin-bottom: 20px;<hp:lineBreak/>    }<hp:lineBreak/>    .tab-buttons button {<hp:lineBreak/>        padding: 10px 20px;<hp:lineBreak/>        border: none;<hp:lineBreak/>        background: #e0e0e0;<hp:lineBreak/>        cursor: pointer;<hp:lineBreak/>        border-radius: 5px;<hp:lineBreak/>        font-size: 15px;<hp:lineBreak/>    }<hp:lineBreak/>    .tab-buttons button.active {<hp:lineBreak/>        background: #4b89dc;<hp:lineBreak/>        color: white;<hp:lineBreak/>    }<hp:lineBreak/><hp:lineBreak/>    /* 탭 콘텐츠 */<hp:lineBreak/>    .tab-content {<hp:lineBreak/>        display: none;<hp:lineBreak/>    }<hp:lineBreak/>    .tab-content.active {<hp:lineBreak/>        display: block;<hp:lineBreak/>    }<hp:lineBreak/><hp:lineBreak/>    /* 표 스타일 */<hp:lineBreak/>    table {<hp:lineBreak/>        width: 100%;<hp:lineBreak/>        border-collapse: collapse;<hp:lineBreak/>        margin-top: 15px;<hp:lineBreak/>    }<hp:lineBreak/>    th, td {<hp:lineBreak/>        border: 1px solid #bbb;<hp:lineBreak/>        padding: 10px;<hp:lineBreak/>        vertical-align: top;<hp:lineBreak/>    }<hp:lineBreak/>    th {<hp:lineBreak/>        background: #f0f0f0;<hp:lineBreak/>        width: 150px;<hp:lineBreak/>    }<hp:lineBreak/><hp:lineBreak/>    /* 이미지 스타일 */<hp:lineBreak/>    .floor-img {<hp:lineBreak/>        margin-top: 15px;<hp:lineBreak/>        width: 100%;<hp:lineBreak/>        border: 1px solid #ccc;<hp:lineBreak/>    }<hp:lineBreak/>&lt;/style&gt;<hp:lineBreak/><hp:lineBreak/>&lt;script&gt;<hp:lineBreak/>    function openTab(tabId) {<hp:lineBreak/>        document.querySelectorAll('.tab-content').forEach(div =&gt; {<hp:lineBreak/>            div.classList.remove('active');<hp:lineBreak/>        });<hp:lineBreak/>        document.querySelectorAll('.tab-buttons button').forEach(btn =&gt; {<hp:lineBreak/>            btn.classList.remove('active');<hp:lineBreak/>        });<hp:lineBreak/>        document.getElementById(tabId).classList.add('active');<hp:lineBreak/>        document.getElementById("btn-" + tabId).classList.add('active');<hp:lineBreak/>    }<hp:lineBreak/>&lt;/script&gt;<hp:lineBreak/>&lt;/head&gt;<hp:lineBreak/><hp:lineBreak/>&lt;body&gt;<hp:lineBreak/><hp:lineBreak/>&lt;h1&gt;학교 안내도&lt;/h1&gt;<hp:lineBreak/><hp:lineBreak/>&lt;!-- 탭 버튼 --&gt;<hp:lineBreak/>&lt;div class="tab-buttons"&gt;<hp:lineBreak/>    &lt;button id="btn-floor1" class="active" onclick="openTab('floor1')"&gt;1층&lt;/button&gt;<hp:lineBreak/>    &lt;button id="btn-floor2" onclick="openTab('floor2')"&gt;2층&lt;/button&gt;<hp:lineBreak/>    &lt;button id="btn-floor3" onclick="openTab('floor3')"&gt;3층&lt;/button&gt;<hp:lineBreak/>    &lt;button id="btn-floor4" onclick="openTab('floor4')"&gt;4층&lt;/button&gt;<hp:lineBreak/>&lt;/div&gt;<hp:lineBreak/><hp:lineBreak/>&lt;!-- 1층 --&gt;<hp:lineBreak/>&lt;div id="floor1" class="tab-content active"&gt;<hp:lineBreak/>    &lt;h2&gt;1층 안내&lt;/h2&gt;<hp:lineBreak/><hp:lineBreak/>    &lt;img class="floor-img" src="https://drive.google.com/uc?export=view&amp;id=1WPdiP9kMTbv7-aJoXDU3j3T6KGwxOkEA" alt="1층 안내도"&gt;<hp:lineBreak/><hp:lineBreak/>    &lt;table&gt;<hp:lineBreak/>        &lt;thead&gt;<hp:lineBreak/>            &lt;tr&gt;&lt;th&gt;시설명&lt;/th&gt;&lt;th&gt;담당 교직원&lt;/th&gt;&lt;/tr&gt;<hp:lineBreak/>        &lt;/thead&gt;<hp:lineBreak/>        &lt;tbody&gt;<hp:lineBreak/>            &lt;tr&gt;&lt;td&gt;행정실&lt;/td&gt;&lt;td&gt;최예진&lt;br&gt;최윤정&lt;br&gt;황도영&lt;br&gt;심희정&lt;br&gt;우순제&lt;br&gt;이선미&lt;/td&gt;&lt;/tr&gt;<hp:lineBreak/>            &lt;tr&gt;&lt;td&gt;상담실&lt;/td&gt;&lt;td&gt;최정옥&lt;/td&gt;&lt;/tr&gt;<hp:lineBreak/>            &lt;tr&gt;&lt;td&gt;진로교육실&lt;/td&gt;&lt;td&gt;이현숙&lt;/td&gt;&lt;/tr&gt;<hp:lineBreak/>            &lt;tr&gt;&lt;td&gt;학습도움실&lt;/td&gt;&lt;td&gt;차순옥&lt;br&gt;현진욱&lt;br&gt;오명수&lt;br&gt;연인숙&lt;/td&gt;&lt;/tr&gt;<hp:lineBreak/>        &lt;/tbody&gt;<hp:lineBreak/>    &lt;/table&gt;<hp:lineBreak/>&lt;/div&gt;<hp:lineBreak/><hp:lineBreak/>&lt;!-- 2층 --&gt;<hp:lineBreak/>&lt;div id="floor2" class="tab-content"&gt;<hp:lineBreak/>    &lt;h2&gt;2층 안내&lt;/h2&gt;<hp:lineBreak/><hp:lineBreak/>    &lt;img class="floor-img" src="https://drive.google.com/uc?export=view&amp;id=1cvjhXPlWd_3HmSan1cdTTdb_tjWMDRpK" alt="2층 안내도"&gt;<hp:lineBreak/><hp:lineBreak/>    &lt;table&gt;<hp:lineBreak/>        &lt;thead&gt;<hp:lineBreak/>            &lt;tr&gt;&lt;th&gt;시설명&lt;/th&gt;&lt;th&gt;담당 교직원&lt;/th&gt;&lt;/tr&gt;<hp:lineBreak/>        &lt;/thead&gt;<hp:lineBreak/>        &lt;tbody&gt;<hp:lineBreak/>            &lt;tr&gt;&lt;td&gt;교무센터 (본교무실)&lt;/td&gt;<hp:lineBreak/>                &lt;td&gt;조광현&lt;br&gt;이윤미&lt;br&gt;김학일&lt;br&gt;이근웅&lt;br&gt;김혜은&lt;br&gt;홍연서&lt;br&gt;이명희&lt;br&gt;이하나&lt;br&gt;Afia&lt;br&gt;엄은지&lt;/td&gt;&lt;/tr&gt;<hp:lineBreak/>            &lt;tr&gt;&lt;td&gt;교감실&lt;/td&gt;&lt;td&gt;서현주&lt;/td&gt;&lt;/tr&gt;<hp:lineBreak/>            &lt;tr&gt;&lt;td&gt;1학년 교무실&lt;/td&gt;<hp:lineBreak/>                &lt;td&gt;유인윤&lt;br&gt;윤혜경&lt;br&gt;이욱&lt;br&gt;박도희&lt;br&gt;최성광&lt;br&gt;최선희&lt;br&gt;정미라&lt;/td&gt;&lt;/tr&gt;<hp:lineBreak/>            &lt;tr&gt;&lt;td&gt;인쇄실&lt;/td&gt;&lt;td&gt;허한구&lt;/td&gt;&lt;/tr&gt;<hp:lineBreak/>        &lt;/tbody&gt;<hp:lineBreak/>    &lt;/table&gt;<hp:lineBreak/>&lt;/div&gt;<hp:lineBreak/><hp:lineBreak/>&lt;!-- 3층 --&gt;<hp:lineBreak/>&lt;div id="floor3" class="tab-content"&gt;<hp:lineBreak/>    &lt;h2&gt;3층 안내&lt;/h2&gt;<hp:lineBreak/><hp:lineBreak/>    &lt;img class="floor-img" src="https://drive.google.com/uc?export=view&amp;id=1Em2EvLhUtFtTRDt2bNI_kz4jJ_WHLvOs" alt="3층 안내도"&gt;<hp:lineBreak/><hp:lineBreak/>    &lt;table&gt;<hp:lineBreak/>        &lt;thead&gt;<hp:lineBreak/>            &lt;tr&gt;&lt;th&gt;시설명&lt;/th&gt;&lt;th&gt;담당 교직원&lt;/th&gt;&lt;/tr&gt;<hp:lineBreak/>        &lt;/thead&gt;<hp:lineBreak/>        &lt;tbody&gt;<hp:lineBreak/>            &lt;tr&gt;&lt;td&gt;학생생활안전부 (학생부실)&lt;/td&gt;<hp:lineBreak/>                &lt;td&gt;이혜진&lt;br&gt;정상현&lt;br&gt;신문수&lt;br&gt;김태종&lt;br&gt;김형준&lt;/td&gt;&lt;/tr&gt;<hp:lineBreak/>            &lt;tr&gt;&lt;td&gt;보건실&lt;/td&gt;&lt;td&gt;이경민&lt;/td&gt;&lt;/tr&gt;<hp:lineBreak/>            &lt;tr&gt;&lt;td&gt;수업연구1실&lt;/td&gt;<hp:lineBreak/>                &lt;td&gt;장보영&lt;br&gt;김진록&lt;br&gt;김상희&lt;br&gt;김경민&lt;/td&gt;&lt;/tr&gt;<hp:lineBreak/>            &lt;tr&gt;&lt;td&gt;2학년 교무실&lt;/td&gt;<hp:lineBreak/>                &lt;td&gt;한상아&lt;br&gt;유혜빈&lt;br&gt;황석훈&lt;br&gt;박강석&lt;br&gt;이상협&lt;br&gt;조예진&lt;br&gt;김혜진&lt;/td&gt;&lt;/tr&gt;<hp:lineBreak/>            &lt;tr&gt;&lt;td&gt;도서실&lt;/td&gt;&lt;td&gt;신정아&lt;/td&gt;&lt;/tr&gt;<hp:lineBreak/>        &lt;/tbody&gt;<hp:lineBreak/>    &lt;/table&gt;<hp:lineBreak/>&lt;/div&gt;<hp:lineBreak/><hp:lineBreak/>&lt;!-- 4층 --&gt;<hp:lineBreak/>&lt;div id="floor4" class="tab-content"&gt;<hp:lineBreak/>    &lt;h2&gt;4층 안내&lt;/h2&gt;<hp:lineBreak/><hp:lineBreak/>    &lt;img class="floor-img" src="https://drive.google.com/uc?export=view&amp;id=1JauM_vFOQ_vGumYXRj0SdNFCfShb6M80" alt="4층 안내도"&gt;<hp:lineBreak/><hp:lineBreak/>    &lt;table&gt;<hp:lineBreak/>        &lt;thead&gt;<hp:lineBreak/>            &lt;tr&gt;&lt;th&gt;시설명&lt;/th&gt;&lt;th&gt;담당 교직원&lt;/th&gt;&lt;/tr&gt;<hp:lineBreak/>        &lt;/thead&gt;<hp:lineBreak/>        &lt;tbody&gt;<hp:lineBreak/>            &lt;tr&gt;&lt;td&gt;3학년 교무실&lt;/td&gt;<hp:lineBreak/>                &lt;td&gt;채기수&lt;br&gt;조규현&lt;br&gt;이용우&lt;br&gt;이재호&lt;br&gt;엄지수&lt;br&gt;김용훈&lt;br&gt;이지은&lt;/td&gt;&lt;/tr&gt;<hp:lineBreak/>        &lt;/tbody&gt;<hp:lineBreak/>    &lt;/table&gt;<hp:lineBreak/>&lt;/div&gt;<hp:lineBreak/><hp:lineBreak/>&lt;/body&gt;<hp:lineBreak/>&lt;/html&gt;<hp:lineBreak/></hp:t></hp:run><hp:linesegarray><hp:lineseg textpos="0" vertpos="0" vertsize="1000" textheight="1000" baseline="850" spacing="600" horzpos="0" horzsize="42520" flags="393216"/><hp:lineseg textpos="32" vertpos="1600" vertsize="1000" textheight="1000" baseline="850" spacing="600" horzpos="0" horzsize="42520" flags="393216"/><hp:lineseg textpos="49" vertpos="3200" vertsize="1000" textheight="1000" baseline="850" spacing="600" horzpos="0" horzsize="42520" flags="393216"/><hp:lineseg textpos="56" vertpos="4800" vertsize="1000" textheight="1000" baseline="850" spacing="600" horzpos="0" horzsize="42520" flags="393216"/><hp:lineseg textpos="79" vertpos="6400" vertsize="1000" textheight="1000" baseline="850" spacing="600" horzpos="0" horzsize="42520" flags="393216"/><hp:lineseg textpos="101" vertpos="8000" vertsize="1000" textheight="1000" baseline="850" spacing="600" horzpos="0" horzsize="42520" flags="393216"/><hp:lineseg textpos="109" vertpos="9600" vertsize="1000" textheight="1000" baseline="850" spacing="600" horzpos="0" horzsize="42520" flags="393216"/><hp:lineseg textpos="120" vertpos="11200" vertsize="1000" textheight="1000" baseline="850" spacing="600" horzpos="0" horzsize="42520" flags="393216"/><hp:lineseg textpos="153" vertpos="12800" vertsize="1000" textheight="1000" baseline="850" spacing="600" horzpos="0" horzsize="42520" flags="393216"/><hp:lineseg textpos="175" vertpos="14400" vertsize="1000" textheight="1000" baseline="850" spacing="600" horzpos="0" horzsize="42520" flags="393216"/><hp:lineseg textpos="181" vertpos="16000" vertsize="1000" textheight="1000" baseline="850" spacing="600" horzpos="0" horzsize="42520" flags="393216"/><hp:lineseg textpos="182" vertpos="17600" vertsize="1000" textheight="1000" baseline="850" spacing="600" horzpos="0" horzsize="42520" flags="393216"/><hp:lineseg textpos="201" vertpos="19200" vertsize="1000" textheight="1000" baseline="850" spacing="600" horzpos="0" horzsize="42520" flags="393216"/><hp:lineseg textpos="220" vertpos="20800" vertsize="1000" textheight="1000" baseline="850" spacing="600" horzpos="0" horzsize="42520" flags="393216"/><hp:lineseg textpos="243" vertpos="22400" vertsize="1000" textheight="1000" baseline="850" spacing="600" horzpos="0" horzsize="42520" flags="393216"/><hp:lineseg textpos="262" vertpos="24000" vertsize="1000" textheight="1000" baseline="850" spacing="600" horzpos="0" horzsize="42520" flags="393216"/><hp:lineseg textpos="291" vertpos="25600" vertsize="1000" textheight="1000" baseline="850" spacing="600" horzpos="0" horzsize="42520" flags="393216"/><hp:lineseg textpos="297" vertpos="27200" vertsize="1000" textheight="1000" baseline="850" spacing="600" horzpos="0" horzsize="42520" flags="393216"/><hp:lineseg textpos="323" vertpos="28800" vertsize="1000" textheight="1000" baseline="850" spacing="600" horzpos="0" horzsize="42520" flags="393216"/><hp:lineseg textpos="351" vertpos="30400" vertsize="1000" textheight="1000" baseline="850" spacing="600" horzpos="0" horzsize="42520" flags="393216"/><hp:lineseg textpos="373" vertpos="32000" vertsize="1000" textheight="1000" baseline="850" spacing="600" horzpos="0" horzsize="42520" flags="393216"/><hp:lineseg textpos="402" vertpos="33600" vertsize="1000" textheight="1000" baseline="850" spacing="600" horzpos="0" horzsize="42520" flags="393216"/><hp:lineseg textpos="427" vertpos="35200" vertsize="1000" textheight="1000" baseline="850" spacing="600" horzpos="0" horzsize="42520" flags="393216"/><hp:lineseg textpos="455" vertpos="36800" vertsize="1000" textheight="1000" baseline="850" spacing="600" horzpos="0" horzsize="42520" flags="393216"/><hp:lineseg textpos="480" vertpos="38400" vertsize="1000" textheight="1000" baseline="850" spacing="600" horzpos="0" horzsize="42520" flags="393216"/><hp:lineseg textpos="486" vertpos="40000" vertsize="1000" textheight="1000" baseline="850" spacing="600" horzpos="0" horzsize="42520" flags="393216"/><hp:lineseg textpos="519" vertpos="41600" vertsize="1000" textheight="1000" baseline="850" spacing="600" horzpos="0" horzsize="42520" flags="393216"/><hp:lineseg textpos="548" vertpos="43200" vertsize="1000" textheight="1000" baseline="850" spacing="600" horzpos="0" horzsize="42520" flags="393216"/><hp:lineseg textpos="570" vertpos="44800" vertsize="1000" textheight="1000" baseline="850" spacing="600" horzpos="0" horzsize="42520" flags="393216"/><hp:lineseg textpos="576" vertpos="46400" vertsize="1000" textheight="1000" baseline="850" spacing="600" horzpos="0" horzsize="42520" flags="393216"/><hp:lineseg textpos="577" vertpos="48000" vertsize="1000" textheight="1000" baseline="850" spacing="600" horzpos="0" horzsize="42520" flags="393216"/><hp:lineseg textpos="593" vertpos="49600" vertsize="1000" textheight="1000" baseline="850" spacing="600" horzpos="0" horzsize="42520" flags="393216"/><hp:lineseg textpos="612" vertpos="51200" vertsize="1000" textheight="1000" baseline="850" spacing="600" horzpos="0" horzsize="42520" flags="393216"/><hp:lineseg textpos="635" vertpos="52800" vertsize="1000" textheight="1000" baseline="850" spacing="600" horzpos="0" horzsize="42520" flags="393216"/><hp:lineseg textpos="641" vertpos="54400" vertsize="1000" textheight="1000" baseline="850" spacing="600" horzpos="0" horzsize="42520" flags="393216"/><hp:lineseg textpos="667" vertpos="56000" vertsize="1000" textheight="1000" baseline="850" spacing="600" horzpos="0" horzsize="42520" flags="393216"/><hp:lineseg textpos="691" vertpos="57600" vertsize="1000" textheight="1000" baseline="850" spacing="600" horzpos="0" horzsize="42520" flags="393216"/><hp:lineseg textpos="697" vertpos="59200" vertsize="1000" textheight="1000" baseline="850" spacing="600" horzpos="0" horzsize="42520" flags="393216"/><hp:lineseg textpos="698" vertpos="60800" vertsize="1000" textheight="1000" baseline="850" spacing="600" horzpos="0" horzsize="42520" flags="393216"/><hp:lineseg textpos="714" vertpos="62400" vertsize="1000" textheight="1000" baseline="850" spacing="600" horzpos="0" horzsize="42520" flags="393216"/><hp:lineseg textpos="726" vertpos="64000" vertsize="1000" textheight="1000" baseline="850" spacing="600" horzpos="0" horzsize="42520" flags="393216"/><hp:lineseg textpos="747" vertpos="0" vertsize="1000" textheight="1000" baseline="850" spacing="600" horzpos="0" horzsize="42520" flags="393216"/><hp:lineseg textpos="782" vertpos="1600" vertsize="1000" textheight="1000" baseline="850" spacing="600" horzpos="0" horzsize="42520" flags="393216"/><hp:lineseg textpos="808" vertpos="3200" vertsize="1000" textheight="1000" baseline="850" spacing="600" horzpos="0" horzsize="42520" flags="393216"/><hp:lineseg textpos="814" vertpos="4800" vertsize="1000" textheight="1000" baseline="850" spacing="600" horzpos="0" horzsize="42520" flags="393216"/><hp:lineseg textpos="827" vertpos="6400" vertsize="1000" textheight="1000" baseline="850" spacing="600" horzpos="0" horzsize="42520" flags="393216"/><hp:lineseg textpos="859" vertpos="8000" vertsize="1000" textheight="1000" baseline="850" spacing="600" horzpos="0" horzsize="42520" flags="393216"/><hp:lineseg textpos="882" vertpos="9600" vertsize="1000" textheight="1000" baseline="850" spacing="600" horzpos="0" horzsize="42520" flags="393216"/><hp:lineseg textpos="911" vertpos="11200" vertsize="1000" textheight="1000" baseline="850" spacing="600" horzpos="0" horzsize="42520" flags="393216"/><hp:lineseg textpos="917" vertpos="12800" vertsize="1000" textheight="1000" baseline="850" spacing="600" horzpos="0" horzsize="42520" flags="393216"/><hp:lineseg textpos="926" vertpos="14400" vertsize="1000" textheight="1000" baseline="850" spacing="600" horzpos="0" horzsize="42520" flags="393216"/><hp:lineseg textpos="955" vertpos="16000" vertsize="1000" textheight="1000" baseline="850" spacing="600" horzpos="0" horzsize="42520" flags="393216"/><hp:lineseg textpos="977" vertpos="17600" vertsize="1000" textheight="1000" baseline="850" spacing="600" horzpos="0" horzsize="42520" flags="393216"/><hp:lineseg textpos="983" vertpos="19200" vertsize="1000" textheight="1000" baseline="850" spacing="600" horzpos="0" horzsize="42520" flags="393216"/><hp:lineseg textpos="984" vertpos="20800" vertsize="1000" textheight="1000" baseline="850" spacing="600" horzpos="0" horzsize="42520" flags="393216"/><hp:lineseg textpos="1002" vertpos="22400" vertsize="1000" textheight="1000" baseline="850" spacing="600" horzpos="0" horzsize="42520" flags="393216"/><hp:lineseg textpos="1019" vertpos="24000" vertsize="1000" textheight="1000" baseline="850" spacing="600" horzpos="0" horzsize="42520" flags="393216"/><hp:lineseg textpos="1045" vertpos="25600" vertsize="1000" textheight="1000" baseline="850" spacing="600" horzpos="0" horzsize="42520" flags="393216"/><hp:lineseg textpos="1066" vertpos="27200" vertsize="1000" textheight="1000" baseline="850" spacing="600" horzpos="0" horzsize="42520" flags="393216"/><hp:lineseg textpos="1098" vertpos="28800" vertsize="1000" textheight="1000" baseline="850" spacing="600" horzpos="0" horzsize="42520" flags="393216"/><hp:lineseg textpos="1104" vertpos="30400" vertsize="1000" textheight="1000" baseline="850" spacing="600" horzpos="0" horzsize="42520" flags="393216"/><hp:lineseg textpos="1113" vertpos="32000" vertsize="1000" textheight="1000" baseline="850" spacing="600" horzpos="0" horzsize="42520" flags="393216"/><hp:lineseg textpos="1114" vertpos="33600" vertsize="1000" textheight="1000" baseline="850" spacing="600" horzpos="0" horzsize="42520" flags="393216"/><hp:lineseg textpos="1123" vertpos="35200" vertsize="1000" textheight="1000" baseline="850" spacing="600" horzpos="0" horzsize="42520" flags="393216"/><hp:lineseg textpos="1153" vertpos="36800" vertsize="1000" textheight="1000" baseline="850" spacing="600" horzpos="0" horzsize="42520" flags="393216"/><hp:lineseg textpos="1220" vertpos="38400" vertsize="1000" textheight="1000" baseline="850" spacing="600" horzpos="0" horzsize="42520" flags="393216"/><hp:lineseg textpos="1264" vertpos="40000" vertsize="1000" textheight="1000" baseline="850" spacing="600" horzpos="0" horzsize="42520" flags="393216"/><hp:lineseg textpos="1276" vertpos="41600" vertsize="1000" textheight="1000" baseline="850" spacing="600" horzpos="0" horzsize="42520" flags="393216"/><hp:lineseg textpos="1350" vertpos="43200" vertsize="1000" textheight="1000" baseline="850" spacing="600" horzpos="0" horzsize="42520" flags="393216"/><hp:lineseg textpos="1394" vertpos="44800" vertsize="1000" textheight="1000" baseline="850" spacing="600" horzpos="0" horzsize="42520" flags="393216"/><hp:lineseg textpos="1406" vertpos="46400" vertsize="1000" textheight="1000" baseline="850" spacing="600" horzpos="0" horzsize="42520" flags="393216"/><hp:lineseg textpos="1470" vertpos="48000" vertsize="1000" textheight="1000" baseline="850" spacing="600" horzpos="0" horzsize="42520" flags="393216"/><hp:lineseg textpos="1543" vertpos="49600" vertsize="1000" textheight="1000" baseline="850" spacing="600" horzpos="0" horzsize="42520" flags="393216"/><hp:lineseg textpos="1549" vertpos="51200" vertsize="1000" textheight="1000" baseline="850" spacing="600" horzpos="0" horzsize="42520" flags="393216"/><hp:lineseg textpos="1559" vertpos="52800" vertsize="1000" textheight="1000" baseline="850" spacing="600" horzpos="0" horzsize="42520" flags="393216"/><hp:lineseg textpos="1567" vertpos="54400" vertsize="1000" textheight="1000" baseline="850" spacing="600" horzpos="0" horzsize="42520" flags="393216"/><hp:lineseg textpos="1568" vertpos="56000" vertsize="1000" textheight="1000" baseline="850" spacing="600" horzpos="0" horzsize="42520" flags="393216"/><hp:lineseg textpos="1575" vertpos="57600" vertsize="1000" textheight="1000" baseline="850" spacing="600" horzpos="0" horzsize="42520" flags="393216"/><hp:lineseg textpos="1576" vertpos="59200" vertsize="1000" textheight="1000" baseline="850" spacing="600" horzpos="0" horzsize="42520" flags="393216"/><hp:lineseg textpos="1592" vertpos="60800" vertsize="1000" textheight="1000" baseline="850" spacing="600" horzpos="0" horzsize="42520" flags="393216"/><hp:lineseg textpos="1593" vertpos="62400" vertsize="1000" textheight="1000" baseline="850" spacing="600" horzpos="0" horzsize="42520" flags="393216"/><hp:lineseg textpos="1607" vertpos="64000" vertsize="1000" textheight="1000" baseline="850" spacing="600" horzpos="0" horzsize="42520" flags="393216"/><hp:lineseg textpos="1633" vertpos="0" vertsize="1000" textheight="1000" baseline="850" spacing="600" horzpos="0" horzsize="42520" flags="393216"/><hp:lineseg textpos="1716" vertpos="1600" vertsize="1000" textheight="1000" baseline="850" spacing="600" horzpos="0" horzsize="42520" flags="393216"/><hp:lineseg textpos="1784" vertpos="3200" vertsize="1000" textheight="1000" baseline="850" spacing="600" horzpos="0" horzsize="42520" flags="393216"/><hp:lineseg textpos="1852" vertpos="4800" vertsize="1000" textheight="1000" baseline="850" spacing="600" horzpos="0" horzsize="42520" flags="393216"/><hp:lineseg textpos="1920" vertpos="6400" vertsize="1000" textheight="1000" baseline="850" spacing="600" horzpos="0" horzsize="42520" flags="393216"/><hp:lineseg textpos="1927" vertpos="8000" vertsize="1000" textheight="1000" baseline="850" spacing="600" horzpos="0" horzsize="42520" flags="393216"/><hp:lineseg textpos="1928" vertpos="9600" vertsize="1000" textheight="1000" baseline="850" spacing="600" horzpos="0" horzsize="42520" flags="393216"/><hp:lineseg textpos="1940" vertpos="11200" vertsize="1000" textheight="1000" baseline="850" spacing="600" horzpos="0" horzsize="42520" flags="393216"/><hp:lineseg textpos="1985" vertpos="12800" vertsize="1000" textheight="1000" baseline="850" spacing="600" horzpos="0" horzsize="42520" flags="393216"/><hp:lineseg textpos="2004" vertpos="14400" vertsize="1000" textheight="1000" baseline="850" spacing="600" horzpos="0" horzsize="42520" flags="393216"/><hp:lineseg textpos="2005" vertpos="16000" vertsize="1000" textheight="1000" baseline="850" spacing="600" horzpos="0" horzsize="42520" flags="393216"/><hp:lineseg textpos="2032" vertpos="17600" vertsize="1000" textheight="1000" baseline="850" spacing="600" horzpos="0" horzsize="42520" flags="393216"/><hp:lineseg textpos="2113" vertpos="19200" vertsize="1000" textheight="1000" baseline="850" spacing="600" horzpos="0" horzsize="42520" flags="393216"/><hp:lineseg textpos="2129" vertpos="20800" vertsize="1000" textheight="1000" baseline="850" spacing="600" horzpos="0" horzsize="42520" flags="393216"/><hp:lineseg textpos="2130" vertpos="22400" vertsize="1000" textheight="1000" baseline="850" spacing="600" horzpos="0" horzsize="42520" flags="393216"/><hp:lineseg textpos="2142" vertpos="24000" vertsize="1000" textheight="1000" baseline="850" spacing="600" horzpos="0" horzsize="42520" flags="393216"/><hp:lineseg textpos="2158" vertpos="25600" vertsize="1000" textheight="1000" baseline="850" spacing="600" horzpos="0" horzsize="42520" flags="393216"/><hp:lineseg textpos="2207" vertpos="27200" vertsize="1000" textheight="1000" baseline="850" spacing="600" horzpos="0" horzsize="42520" flags="393216"/><hp:lineseg textpos="2224" vertpos="28800" vertsize="1000" textheight="1000" baseline="850" spacing="600" horzpos="0" horzsize="42520" flags="393216"/><hp:lineseg textpos="2240" vertpos="30400" vertsize="1000" textheight="1000" baseline="850" spacing="600" horzpos="0" horzsize="42520" flags="393216"/><hp:lineseg textpos="2302" vertpos="32000" vertsize="1000" textheight="1000" baseline="850" spacing="600" horzpos="0" horzsize="42520" flags="393216"/><hp:lineseg textpos="2321" vertpos="33600" vertsize="1000" textheight="1000" baseline="850" spacing="600" horzpos="0" horzsize="42520" flags="393216"/><hp:lineseg textpos="2367" vertpos="35200" vertsize="1000" textheight="1000" baseline="850" spacing="600" horzpos="0" horzsize="42520" flags="393216"/><hp:lineseg textpos="2415" vertpos="36800" vertsize="1000" textheight="1000" baseline="850" spacing="600" horzpos="0" horzsize="42520" flags="393216"/><hp:lineseg textpos="2473" vertpos="38400" vertsize="1000" textheight="1000" baseline="850" spacing="600" horzpos="0" horzsize="42520" flags="393216"/><hp:lineseg textpos="2484" vertpos="40000" vertsize="1000" textheight="1000" baseline="850" spacing="600" horzpos="0" horzsize="42520" flags="393216"/><hp:lineseg textpos="2501" vertpos="41600" vertsize="1000" textheight="1000" baseline="850" spacing="600" horzpos="0" horzsize="42520" flags="393216"/><hp:lineseg textpos="2514" vertpos="43200" vertsize="1000" textheight="1000" baseline="850" spacing="600" horzpos="0" horzsize="42520" flags="393216"/><hp:lineseg textpos="2521" vertpos="44800" vertsize="1000" textheight="1000" baseline="850" spacing="600" horzpos="0" horzsize="42520" flags="393216"/><hp:lineseg textpos="2522" vertpos="46400" vertsize="1000" textheight="1000" baseline="850" spacing="600" horzpos="0" horzsize="42520" flags="393216"/><hp:lineseg textpos="2534" vertpos="48000" vertsize="1000" textheight="1000" baseline="850" spacing="600" horzpos="0" horzsize="42520" flags="393216"/><hp:lineseg textpos="2572" vertpos="49600" vertsize="1000" textheight="1000" baseline="850" spacing="600" horzpos="0" horzsize="42520" flags="393216"/><hp:lineseg textpos="2591" vertpos="51200" vertsize="1000" textheight="1000" baseline="850" spacing="600" horzpos="0" horzsize="42520" flags="393216"/><hp:lineseg textpos="2592" vertpos="52800" vertsize="1000" textheight="1000" baseline="850" spacing="600" horzpos="0" horzsize="42520" flags="393216"/><hp:lineseg textpos="2619" vertpos="54400" vertsize="1000" textheight="1000" baseline="850" spacing="600" horzpos="0" horzsize="42520" flags="393216"/><hp:lineseg textpos="2700" vertpos="56000" vertsize="1000" textheight="1000" baseline="850" spacing="600" horzpos="0" horzsize="42520" flags="393216"/><hp:lineseg textpos="2716" vertpos="57600" vertsize="1000" textheight="1000" baseline="850" spacing="600" horzpos="0" horzsize="42520" flags="393216"/><hp:lineseg textpos="2717" vertpos="59200" vertsize="1000" textheight="1000" baseline="850" spacing="600" horzpos="0" horzsize="42520" flags="393216"/><hp:lineseg textpos="2729" vertpos="60800" vertsize="1000" textheight="1000" baseline="850" spacing="600" horzpos="0" horzsize="42520" flags="393216"/><hp:lineseg textpos="2745" vertpos="62400" vertsize="1000" textheight="1000" baseline="850" spacing="600" horzpos="0" horzsize="42520" flags="393216"/><hp:lineseg textpos="2794" vertpos="64000" vertsize="1000" textheight="1000" baseline="850" spacing="600" horzpos="0" horzsize="42520" flags="393216"/><hp:lineseg textpos="2811" vertpos="0" vertsize="1000" textheight="1000" baseline="850" spacing="600" horzpos="0" horzsize="42520" flags="393216"/><hp:lineseg textpos="2827" vertpos="1600" vertsize="1000" textheight="1000" baseline="850" spacing="600" horzpos="0" horzsize="42520" flags="393216"/><hp:lineseg textpos="2864" vertpos="3200" vertsize="1000" textheight="1000" baseline="850" spacing="600" horzpos="0" horzsize="42520" flags="393216"/><hp:lineseg textpos="2926" vertpos="4800" vertsize="1000" textheight="1000" baseline="850" spacing="600" horzpos="0" horzsize="42520" flags="393216"/><hp:lineseg textpos="2962" vertpos="6400" vertsize="1000" textheight="1000" baseline="850" spacing="600" horzpos="0" horzsize="42520" flags="393216"/><hp:lineseg textpos="3008" vertpos="8000" vertsize="1000" textheight="1000" baseline="850" spacing="600" horzpos="0" horzsize="42520" flags="393216"/><hp:lineseg textpos="3041" vertpos="9600" vertsize="1000" textheight="1000" baseline="850" spacing="600" horzpos="0" horzsize="42520" flags="393216"/><hp:lineseg textpos="3103" vertpos="11200" vertsize="1000" textheight="1000" baseline="850" spacing="600" horzpos="0" horzsize="42520" flags="393216"/><hp:lineseg textpos="3116" vertpos="12800" vertsize="1000" textheight="1000" baseline="850" spacing="600" horzpos="0" horzsize="42520" flags="393216"/><hp:lineseg textpos="3162" vertpos="14400" vertsize="1000" textheight="1000" baseline="850" spacing="600" horzpos="0" horzsize="42520" flags="393216"/><hp:lineseg textpos="3179" vertpos="16000" vertsize="1000" textheight="1000" baseline="850" spacing="600" horzpos="0" horzsize="42520" flags="393216"/><hp:lineseg textpos="3192" vertpos="17600" vertsize="1000" textheight="1000" baseline="850" spacing="600" horzpos="0" horzsize="42520" flags="393216"/><hp:lineseg textpos="3199" vertpos="19200" vertsize="1000" textheight="1000" baseline="850" spacing="600" horzpos="0" horzsize="42520" flags="393216"/><hp:lineseg textpos="3200" vertpos="20800" vertsize="1000" textheight="1000" baseline="850" spacing="600" horzpos="0" horzsize="42520" flags="393216"/><hp:lineseg textpos="3212" vertpos="22400" vertsize="1000" textheight="1000" baseline="850" spacing="600" horzpos="0" horzsize="42520" flags="393216"/><hp:lineseg textpos="3250" vertpos="24000" vertsize="1000" textheight="1000" baseline="850" spacing="600" horzpos="0" horzsize="42520" flags="393216"/><hp:lineseg textpos="3269" vertpos="25600" vertsize="1000" textheight="1000" baseline="850" spacing="600" horzpos="0" horzsize="42520" flags="393216"/><hp:lineseg textpos="3270" vertpos="27200" vertsize="1000" textheight="1000" baseline="850" spacing="600" horzpos="0" horzsize="42520" flags="393216"/><hp:lineseg textpos="3297" vertpos="28800" vertsize="1000" textheight="1000" baseline="850" spacing="600" horzpos="0" horzsize="42520" flags="393216"/><hp:lineseg textpos="3380" vertpos="30400" vertsize="1000" textheight="1000" baseline="850" spacing="600" horzpos="0" horzsize="42520" flags="393216"/><hp:lineseg textpos="3394" vertpos="32000" vertsize="1000" textheight="1000" baseline="850" spacing="600" horzpos="0" horzsize="42520" flags="393216"/><hp:lineseg textpos="3395" vertpos="33600" vertsize="1000" textheight="1000" baseline="850" spacing="600" horzpos="0" horzsize="42520" flags="393216"/><hp:lineseg textpos="3407" vertpos="35200" vertsize="1000" textheight="1000" baseline="850" spacing="600" horzpos="0" horzsize="42520" flags="393216"/><hp:lineseg textpos="3423" vertpos="36800" vertsize="1000" textheight="1000" baseline="850" spacing="600" horzpos="0" horzsize="42520" flags="393216"/><hp:lineseg textpos="3472" vertpos="38400" vertsize="1000" textheight="1000" baseline="850" spacing="600" horzpos="0" horzsize="42520" flags="393216"/><hp:lineseg textpos="3489" vertpos="40000" vertsize="1000" textheight="1000" baseline="850" spacing="600" horzpos="0" horzsize="42520" flags="393216"/><hp:lineseg textpos="3505" vertpos="41600" vertsize="1000" textheight="1000" baseline="850" spacing="600" horzpos="0" horzsize="42520" flags="393216"/><hp:lineseg textpos="3545" vertpos="43200" vertsize="1000" textheight="1000" baseline="850" spacing="600" horzpos="0" horzsize="42520" flags="393216"/><hp:lineseg textpos="3607" vertpos="44800" vertsize="1000" textheight="1000" baseline="850" spacing="600" horzpos="0" horzsize="42520" flags="393216"/><hp:lineseg textpos="3653" vertpos="46400" vertsize="1000" textheight="1000" baseline="850" spacing="600" horzpos="0" horzsize="42520" flags="393216"/><hp:lineseg textpos="3685" vertpos="48000" vertsize="1000" textheight="1000" baseline="850" spacing="600" horzpos="0" horzsize="42520" flags="393216"/><hp:lineseg textpos="3740" vertpos="49600" vertsize="1000" textheight="1000" baseline="850" spacing="600" horzpos="0" horzsize="42520" flags="393216"/><hp:lineseg textpos="3773" vertpos="51200" vertsize="1000" textheight="1000" baseline="850" spacing="600" horzpos="0" horzsize="42520" flags="393216"/><hp:lineseg textpos="3835" vertpos="52800" vertsize="1000" textheight="1000" baseline="850" spacing="600" horzpos="0" horzsize="42520" flags="393216"/><hp:lineseg textpos="3849" vertpos="54400" vertsize="1000" textheight="1000" baseline="850" spacing="600" horzpos="0" horzsize="42520" flags="393216"/><hp:lineseg textpos="3895" vertpos="56000" vertsize="1000" textheight="1000" baseline="850" spacing="600" horzpos="0" horzsize="42520" flags="393216"/><hp:lineseg textpos="3912" vertpos="57600" vertsize="1000" textheight="1000" baseline="850" spacing="600" horzpos="0" horzsize="42520" flags="393216"/><hp:lineseg textpos="3925" vertpos="59200" vertsize="1000" textheight="1000" baseline="850" spacing="600" horzpos="0" horzsize="42520" flags="393216"/><hp:lineseg textpos="3932" vertpos="60800" vertsize="1000" textheight="1000" baseline="850" spacing="600" horzpos="0" horzsize="42520" flags="393216"/><hp:lineseg textpos="3933" vertpos="62400" vertsize="1000" textheight="1000" baseline="850" spacing="600" horzpos="0" horzsize="42520" flags="393216"/><hp:lineseg textpos="3945" vertpos="64000" vertsize="1000" textheight="1000" baseline="850" spacing="600" horzpos="0" horzsize="42520" flags="393216"/><hp:lineseg textpos="3983" vertpos="0" vertsize="1000" textheight="1000" baseline="850" spacing="600" horzpos="0" horzsize="42520" flags="393216"/><hp:lineseg textpos="4002" vertpos="1600" vertsize="1000" textheight="1000" baseline="850" spacing="600" horzpos="0" horzsize="42520" flags="393216"/><hp:lineseg textpos="4003" vertpos="3200" vertsize="1000" textheight="1000" baseline="850" spacing="600" horzpos="0" horzsize="42520" flags="393216"/><hp:lineseg textpos="4030" vertpos="4800" vertsize="1000" textheight="1000" baseline="850" spacing="600" horzpos="0" horzsize="42520" flags="393216"/><hp:lineseg textpos="4110" vertpos="6400" vertsize="1000" textheight="1000" baseline="850" spacing="600" horzpos="0" horzsize="42520" flags="393216"/><hp:lineseg textpos="4127" vertpos="8000" vertsize="1000" textheight="1000" baseline="850" spacing="600" horzpos="0" horzsize="42520" flags="393216"/><hp:lineseg textpos="4128" vertpos="9600" vertsize="1000" textheight="1000" baseline="850" spacing="600" horzpos="0" horzsize="42520" flags="393216"/><hp:lineseg textpos="4140" vertpos="11200" vertsize="1000" textheight="1000" baseline="850" spacing="600" horzpos="0" horzsize="42520" flags="393216"/><hp:lineseg textpos="4156" vertpos="12800" vertsize="1000" textheight="1000" baseline="850" spacing="600" horzpos="0" horzsize="42520" flags="393216"/><hp:lineseg textpos="4205" vertpos="14400" vertsize="1000" textheight="1000" baseline="850" spacing="600" horzpos="0" horzsize="42520" flags="393216"/><hp:lineseg textpos="4222" vertpos="16000" vertsize="1000" textheight="1000" baseline="850" spacing="600" horzpos="0" horzsize="42520" flags="393216"/><hp:lineseg textpos="4238" vertpos="17600" vertsize="1000" textheight="1000" baseline="850" spacing="600" horzpos="0" horzsize="42520" flags="393216"/><hp:lineseg textpos="4271" vertpos="19200" vertsize="1000" textheight="1000" baseline="850" spacing="600" horzpos="0" horzsize="42520" flags="393216"/><hp:lineseg textpos="4333" vertpos="20800" vertsize="1000" textheight="1000" baseline="850" spacing="600" horzpos="0" horzsize="42520" flags="393216"/><hp:lineseg textpos="4347" vertpos="22400" vertsize="1000" textheight="1000" baseline="850" spacing="600" horzpos="0" horzsize="42520" flags="393216"/><hp:lineseg textpos="4364" vertpos="24000" vertsize="1000" textheight="1000" baseline="850" spacing="600" horzpos="0" horzsize="42520" flags="393216"/><hp:lineseg textpos="4377" vertpos="25600" vertsize="1000" textheight="1000" baseline="850" spacing="600" horzpos="0" horzsize="42520" flags="393216"/><hp:lineseg textpos="4384" vertpos="27200" vertsize="1000" textheight="1000" baseline="850" spacing="600" horzpos="0" horzsize="42520" flags="393216"/><hp:lineseg textpos="4385" vertpos="28800" vertsize="1000" textheight="1000" baseline="850" spacing="600" horzpos="0" horzsize="42520" flags="393216"/><hp:lineseg textpos="4393" vertpos="30400" vertsize="1000" textheight="1000" baseline="850" spacing="600" horzpos="0" horzsize="42520" flags="393216"/><hp:lineseg textpos="4401" vertpos="32000" vertsize="1000" textheight="1000" baseline="850" spacing="600" horzpos="0" horzsize="42520" flags="393216"/></hp:linesegarray></hp:p></hs:sec>